1539,-8421,5025
1533,-8427,5004
1540,-8427,5002
1540,-8432,4996
1544,-8433,4999
1538,-8441,4989
1542,-8442,5001
1536,-8439,5002
1539,-8446,5006
1538,-8440,5006
1534,-8435,4999
1542,-8439,5012
1553,-8445,4966
1565,-8468,4960
1573,-8478,4937
1603,-8467,4939
1600,-8466,4912
1585,-8448,4927
1589,-8465,4941
1585,-8458,4955
1561,-8446,4940
1555,-8450,4947
1553,-8451,4951
1553,-8456,4950
1552,-8449,4951
1553,-8467,4939
1552,-8451,4931
1551,-8459,4921
1549,-8461,4936
1541,-8461,4938
1539,-8473,4931
1540,-8471,4926
1539,-8468,4927
1540,-8469,4928
1539,-8475,4933
1542,-8479,4933
1535,-8479,4931
1541,-8485,4923
1551,-8496,4927
1550,-8470,4917
1126,-8404,5484
2056,-7355,6021
470,-7062,6525
-1266,-2700,8257
-2907,350,7412
-2808,3013,5056
-863,4260,1662
2603,3016,2254
3458,2226,2942
2939,2517,3523
893,3840,2684
-1806,4168,2720
-3860,2974,4619
-5282,2996,2700
-4470,3484,-260
-3346,3140,-2285
-2429,1709,-4332
-1913,-447,-5733
-2561,-2698,-6263
-3484,-4420,-6085
-3349,-4241,-6205
-3296,1651,-4282
-4581,3531,305
-4831,3136,3260
-4722,2330,4917
-4264,2946,4358
-1979,3141,-2523
-899,1118,-4688
2423,1910,-2447
5417,-392,858
5498,-838,2565
4511,133,4131
3118,1280,4985
2462,1629,5314
2333,1767,5279
3134,847,5388
3666,-861,5962
2955,-761,6628
1956,1090,6268
1913,1687,5745
1422,2186,5585
1527,2185,5518
1486,2178,5641
1341,2245,5741
1449,3044,4509
886,3744,3524
370,4105,2909
884,4116,1681
544,4123,2421
600,4110,2341
747,3570,4100
2056,2302,5243
2571,888,6299
1416,682,7172
-917,3186,5369
-4447,3650,2355
-6864,1474,3152
-6210,1330,4665
-5250,1564,5362
-4251,2092,5508
-3515,2846,4925
-2693,3648,3787
-1942,3338,4607
-1351,2606,5656
-1177,2080,6161
-1413,2138,5975
-991,1729,6201
955,1435,5585
2440,1068,4762
3154,864,4078
3435,408,4021
3634,-9,3934
3536,-158,3861
3489,-100,3560
3520,-147,3289
3437,-151,3332
3374,-199,3487
3287,-135,3618
2982,112,3914
2411,739,3941
1838,1450,3587
1173,1718,4003
1053,1946,3619
1038,2074,3377
-170,2642,3141
-965,3079,2067
-1258,3234,1487
-1977,3338,1402
-2582,3222,2320
-3085,1574,5078
-2710,-1212,6725
-2287,-3083,6999
-1519,-4943,6699
-1011,-6019,6159
-778,-4934,6617
-1264,-3409,6985
-2389,-1593,6842
-1610,1689,5119
-1834,3423,1669
-4637,1849,-1823
-6869,-1128,-1420
-7396,-1267,1552
-4282,1231,4588
-735,1423,5177
-428,-2093,6931
-411,-3423,6946
-1439,-1522,6886
-3712,638,5347
-4486,-3557,6354
-3946,-6170,5767
-4188,-6009,5824
-6241,-3854,5946
-8626,-1483,4055
-7058,255,670
-3573,-422,-3465
2146,-271,4654
793,-819,5944
60,-977,6260
-441,-443,6132
-377,-68,5855
422,109,5434
824,989,4555
1325,96,5404
2312,-1269,5609
3140,-2613,5198
3989,-3204,3897
4642,-4322,1288
3847,-5904,65
3320,-5691,1187
2866,-5965,1534
2065,-6800,1397
1635,-7174,1405
1918,-6332,1486
2626,-5491,4523
1189,-1444,6336
-1673,-719,6523
-3152,-1390,6437
-3468,-2185,6441
-4417,-3281,5990
-4211,-5098,5720
-4460,-5980,5148
-4379,-6717,4567
-4021,-6620,4864
-4107,-6219,5268
-3926,-6022,5680
-3404,-5834,6090
-3547,-5902,5924
-3440,-6851,5196
-3080,-6103,5774
-2773,-4231,6582
-3661,-2447,6369
-3672,-878,6079
-2466,1128,5378
-1069,2643,3596
1161,2626,1488
2399,1296,-957
1175,-701,-3843
-246,-1737,-4698
-4854,-124,-2824
-6673,-1056,2389
-6323,-4537,3265
-5958,-5791,2580
-5426,-6225,3365
-5006,-5477,5629
-5284,-5548,7880
-4315,-5048,7331
-1844,-6066,6526
514,-7411,3951
1757,-7389,1859
2184,-6386,2469
1614,-3628,6337
-187,-47,6463
-1136,1,6581
-2287,-613,7244
-3556,155,6925
-4388,1672,4971
-4104,2613,1451
-3214,2562,-36
-4175,1531,-1192
-4934,-318,-2305
-5671,-4246,-1984
-4609,-6447,-1742
-4283,-6798,-1724
-4915,-5400,-2353
-5282,-3233,-2761
-4913,-832,-2644
-3364,1806,-1610
-1869,3038,-65
-1993,3432,1649
-3752,3017,3230
-4284,1733,5286
-4000,-660,7000
-785,-3009,7665
771,-5041,6750
1121,-7201,5014
517,-8671,2275
-43,-8201,-1109
-1078,-6735,-2928
-2248,-4513,-3814
-3309,-2461,-3538
-3307,-1527,-3162
-3750,-1005,-2915
-4039,-2606,-3481
-2327,-5244,-4127
-658,-8184,-2375
2064,-8365,1389
3539,-5381,4033
1395,-1988,7132
-3277,-449,7882
-5557,-120,4421
-5521,134,3672
-6233,-2149,3806
-5429,-6555,3203
-2548,-8760,467
-2860,-8470,-178
-4582,-7641,2104
-6406,-5039,2599
-6355,-1433,4651
-5130,-410,7469
-2899,-1140,7525
-1363,-2038,7424
424,-2444,7217
2072,-1102,6084
3020,208,4209
3644,529,970
2961,620,-1134
2794,370,-1687
1860,509,-2579
279,1067,-2945
-2972,836,-2989
-5166,-1135,-2699
-5914,-2001,-2050
-6473,-1591,-938
-5994,170,-183
-5271,1282,509
-6126,27,926
-6913,-2128,1742
-6761,-884,1883
-6519,321,1772
-6442,-347,3046
-7085,-1990,3087
-7303,-2416,2514
-7166,-2359,919
-7214,-3197,344
-6997,-2846,-426
-6715,-2500,-1159
-6515,-2049,-1672
-6510,-1759,-1696
-6320,-1808,-2004
-6628,-2573,-1877
-6524,-2805,-2298
-6619,-3077,-2395
-6852,-2631,-2006
-6664,-2226,-2130
-6511,-2264,-2279
-6269,-2519,-2822
-5396,-2052,-3442
-5051,-1420,-3325
-4783,-1418,-3550
-4959,-1378,-3434
-5282,-1804,-3493
-5736,-2282,-3439
-5989,-2751,-3461
-7118,-3923,-2024
-7142,-3578,-2172
-7009,-2856,-2563
-7613,-1901,-2552
-7841,-1649,-2290
-7423,-1350,-2417
-6922,-1015,-2790
-6796,-932,-2579
-6819,-1022,-2551
-6427,-1221,-2879
-6186,-1142,-2859
-6241,-597,-2458
-6549,-884,-2218
-6562,-1119,-2326
-6664,-451,-1970
-6900,576,-887
-7086,1284,1442
-6337,1197,4546
-4962,-413,6901
-2967,-2620,7928
33,-4953,7119
2757,-5513,4302
3941,-3584,2145
3745,-747,1663
2707,1056,2963
332,2107,4946
-2839,2383,5302
-5455,2376,3439
-6714,1590,1069
-6186,750,-1781
-4531,-52,-3566
-2811,-256,-3964
-2083,-89,-3815
-1871,-34,-3774
-2236,-324,-3921
-3069,-893,-4057
-2924,-1267,-4219
-2450,-855,-4138
-2167,-182,-3865
-2768,591,-3398
-3516,1522,-2586
-4317,1684,-2111
-5288,745,-2183
-6044,-407,-2108
-6452,-1114,-1868
-6708,-1744,-1666
-6771,-2293,-1579
-6171,-2118,-2378
-4424,876,-2771
-4928,2895,2335
-5274,-165,6136
-3989,-4763,6827
595,-6701,4868
3045,-4335,2234
3124,-1312,1603
2270,961,2763
-389,2562,4283
-4271,3154,2445
-4906,1947,-1762
-3467,432,-3842
-1747,-959,-4558
-289,-1378,-4233
854,-204,-2810
221,1159,-1619
-693,1332,-1965
-1521,1229,-2586
-1563,321,-3420
-1035,-337,-3752
-408,-128,-3620
-667,1272,-2894
-1483,3088,-24
-1339,2755,3779
-309,96,6209
1402,-2993,5818
2615,-4643,3175
3045,-2661,875
2290,814,1693
-691,2813,3670
-4394,2992,2452
-5055,705,-2624
-3340,-1214,-4232
-1634,-1284,-4200
-460,307,-3190
-912,1477,-2439
-2246,2211,-1905
-4846,2673,923
-5431,250,5485
-2121,-3538,7347
2040,-4850,4772
3271,-1611,2108
1758,1547,2599
-858,2641,4138
-4699,2702,2838
-6264,129,-1689
-5170,-1161,-3351
-3700,-1876,-4227
-2284,-2518,-4506
-1772,-2329,-4527
-3241,-621,-4115
-4937,278,-2982
-6738,-101,-1170
-6511,-513,-1663
-5708,-1377,-2804
-5223,-1780,-3312
-5811,-2266,-2956
-5416,-3656,-3182
-5319,-4032,-3156
-5853,-3397,-2864
-5320,-3519,-3099
-4592,-3882,-3322
-4395,-3071,-3488
-5005,-891,-2969
-5753,1414,-642
-5333,2509,2275
-3920,2304,4995
-1804,563,7039
-37,-2038,7470
1106,-4054,6661
1760,-5102,5483
1821,-5779,4586
1594,-6435,3991
918,-7236,3616
47,-7508,4204
-385,-6604,5760
-1429,-2775,7717
-3665,1785,5859
-5526,2610,1125
-5883,-169,-2357
-4681,-2720,-3612
-2982,-3715,-4017
-2521,-2947,-4281
-4162,-857,-3691
-5899,1283,-1092
-6802,1322,1928
-7543,-776,3680
-7923,-3053,3318
-7668,-4299,3533
-6964,-5652,3823
-6137,-6917,3365
-4195,-8372,2017
-1046,-8010,-609
1176,-4659,-2297
1549,-955,-2324
1217,231,-2064
1235,-1782,-2526
261,-4489,-2654
-2211,-6593,-2041
-5614,-6272,-1031
-6665,-6274,219
-7366,-5613,1180
-7744,-4871,1233
-7586,-5023,855
-5958,-6896,357
-2653,-7525,-1098
-15,-5677,-2274
1146,-3232,-2880
1581,-376,-2416
786,2235,-967
-185,3322,599
-1183,3761,1884
-3313,3730,2478
-5422,2932,1889
-6876,1463,2139
-7898,-844,797
-6900,-3240,-2056
-7196,-3493,-1394
-7104,-3160,-1490
-6536,-4427,-1612
-4170,-7443,-324
278,-7291,1068
3054,-2252,3539
670,2683,2216
-2773,3510,0
-3950,1699,-2854
-3101,-1879,-4822
-1981,-5136,-4494
-73,-6050,-3426
1092,-3264,-2979
-362,-226,-2827
-2629,1822,-1783
-5016,2171,368
-6338,502,3715
-3896,-364,6508
-4483,1940,4246
-6872,223,1222
-6987,-2538,-695
-5301,-4244,-2374
-2442,-4055,-3785
11,-917,-3388
-1060,1942,-1593
-2295,2913,119
-1765,3116,2515
-627,3018,2234
-1218,3003,181
-1361,2611,-1064
-207,2230,-1491
1326,1454,-1430
2545,173,-1131
2223,99,-1215
864,474,-1827
-269,47,-2785
-1395,-880,-3528
-3183,-2323,-3733
-4259,-5025,-3171
-3079,-6875,-3934
-1092,-3423,-5170
-1499,351,-3540
-2512,797,-3183
-2994,473,-3274
-2360,541,-3484
-1386,739,-4070
-2720,1749,-2699
-2031,2733,-433
-554,2903,754
778,2418,1512
1693,1868,1987
2668,987,2132
2954,725,2474
1412,2292,3394
-969,2969,4344
-3635,2577,4697
-6667,1372,1674
-6739,-1046,-1763
-5126,-2476,-3413
-2913,-2706,-4103
-788,-972,-3810
-1458,1888,-2049
-4178,2738,468
-5200,444,5504
-3412,-3758,7249
-144,-6084,6091
2560,-4723,4468
2579,-677,4481
-314,2513,4430
-4102,3100,3083
-6272,1362,-847
-5628,-482,-3208
-3971,-1485,-4403
-2058,-628,-4407
-2942,1908,-2438
-5787,2013,511
-7201,-125,3322
-7458,-3117,3910
-7013,-5366,3261
-6519,-6127,3397
-5336,-6936,4210
-2619,-8110,4203
-29,-8297,2705
736,-8007,1502
472,-8129,1615
-2524,-8572,2975
-7673,-4478,3138
-8099,-1347,898
-7598,-1212,-885
-6977,-1091,-1942
-6027,-1137,-3045
-4743,-1399,-3953
-3763,-1934,-4365
-4031,-3163,-4078
-4836,-3647,-3441
-6260,-2764,-2524
-6419,-1670,-2461
-5883,1414,-1328
-5403,2817,2451
-4667,1707,5617
-2907,-979,7775
1040,-3302,7246
2929,-893,5289
430,2307,4936
-3247,2883,4579
-6350,1862,2390
-7421,-327,-481
-6098,-2168,-3190
-3824,-2465,-4489
-1015,-1674,-4484
127,688,-2811
-1579,2874,-612
-3872,2951,3076
-3213,-1059,7320
-394,-3817,7355
2502,-1677,5462
-340,2922,3872
-4245,3142,2745
-6790,1037,28
-6433,-1571,-2600
-4302,-3144,-4041
-1643,-3061,-4167
115,71,-2956
-1416,3101,202
-2399,2694,4565
-219,-1079,7249
2920,-1883,5316
2021,1778,3778
-2945,3294,3720
-6690,1282,1460
-7043,-2007,-1496
-5163,-3795,-3257
-3464,-4084,-3733
-1845,-2393,-3850
-982,1169,-2520
-3316,3106,1342
-2799,756,6431
143,-2900,7176
2989,-3264,4801
2833,236,3701
-60,2529,4346
-3662,2635,4393
-6633,1140,2699
-7596,-1448,-197
-6423,-3085,-2355
-4227,-3750,-3679
-1117,-2019,-3940
-193,966,-2385
-1578,2729,-616
-2728,3214,2719
-1842,994,6450
1330,-2486,6784
3700,-1979,3955
2207,1822,3107
-1369,3284,3809
-4881,2647,3230
-7329,-23,234
-6591,-2689,-2381
-4999,-3829,-3525
-2689,-3533,-4181
-711,-1264,-3732
-948,1289,-2513
-2160,1661,-2312
-2469,977,-2898
-2757,-81,-3477
-2851,-1648,-3916
-2493,-2279,-4011
-2107,-1613,-4016
-3006,492,-3034
-3491,2733,-289
-2221,2846,4138
29,14,6675
2438,-3390,5699
3165,-5661,2067
1985,-5689,-929
286,-4888,-2274
-1295,-2557,-2213
-1462,-1506,-994
-764,-2050,-798
-800,-2274,-915
-1277,-2108,-1115
-1225,-2413,-1617
-643,-4915,-2033
232,-7900,1573
27,-5255,6664
-1448,692,6714
-3014,3317,2565
-3329,1890,-1924
-1981,-688,-3742
-665,-2532,-3989
-463,-2771,-4019
-2187,138,-3357
-3344,3163,1124
-900,1076,6343
2589,-2080,5621
3530,-800,2720
1230,2259,2541
-3258,3188,2919
-6614,1208,368
-6797,-904,-1866
-4857,-2419,-3950
-2252,-3529,-4567
-364,-2225,-4112
-119,1049,-2393
-2573,3023,5
-4565,2390,3619
-4358,-1864,7066
-2695,-6716,6092
-332,-8353,3115
2114,-6892,619
3777,-2159,255
1278,2589,2902
-4214,2955,3708
-6916,1304,1907
-5811,2509,2245
-1536,3285,4171
2529,597,4409
3693,-3776,2885
1711,-7282,2344
-2157,-8376,4108
-5725,-5744,5619
-6941,-1895,5445
-7330,480,2520
-6801,407,-739
-5499,-652,-2845
-4274,-1319,-3542
-3057,-1933,-3912
-2971,-2068,-3935
-4119,-1121,-3575
-5881,1526,-646
-6173,1171,4354
-6189,-2867,6356
-6653,-5858,4639
-6124,-7445,3005
-4387,-8670,929
-1468,-7850,-1820
1270,-4220,-2936
2152,475,-1533
-638,3469,807
-3582,3470,2044
-5787,2320,1028
-6447,285,-1525
-5024,-670,-3384
-3311,-63,-3855
-2396,612,-3676
-2815,1215,-3250
-2707,1521,-3075
-2509,2096,-2550
-4666,2868,3092
-2519,-3118,7849
-314,-7709,5171
3707,-3982,3386
1064,2212,4140
-4482,3208,2445
-6398,759,-1639
-4426,-1018,-4300
-2507,-324,-4557
-1747,1627,-3152
-2468,1796,-2653
-2624,752,-3284
-2535,-505,-3776
-2209,-1271,-3946
-2257,-582,-3750
-2935,2116,-1830
-2517,3505,2255
-719,2171,5585
1643,-77,6292
3384,-454,4587
4103,-509,2594
4255,-1053,1401
4041,-1038,725
2412,1860,1473
-1242,3771,1960
-4283,3365,502
-4925,1407,-2679
-1931,-1610,-5072
380,-3074,-4664
1319,-1204,-3556
151,1842,-1731
-2483,3050,-241
-5126,2473,804
-6798,767,2881
-5971,-2615,6286
-3182,-6666,6500
34,-8864,3221
2653,-7157,-190
3974,-1793,-662
2537,1944,643
2139,2280,631
3360,-39,-775
3496,-4724,-1501
608,-9109,907
-2548,-8599,5001
-5080,-4248,7189
-6837,-324,4957
-7476,-104,693
-6652,-1449,-1915
-5489,-2247,-3069
-4542,-2550,-3571
-3388,-3187,-3920
-2560,-3923,-3722
-2580,-4001,-3376
-2533,-4657,-3136
-2447,-4773,-3428
-1904,-1842,-4144
-3525,1816,-1828
-5274,2190,2945
-4083,-653,6973
-3912,-720,7149
-4702,2405,3984
-3401,3316,477
-3040,3587,893
-3735,3493,2428
-5288,2738,2920
-7167,804,3073
-6526,-3084,6180
-2480,-8259,5074
3722,-4815,2978
2315,1021,4197
-3108,3003,4440
-7016,1136,149
-5475,-1972,-4001
-3717,-3359,-4824
-1246,-1611,-4735
-2402,1340,-3121
-5106,2800,1408
-4177,119,6875
-1355,-4957,7566
2351,-6266,4527
3859,-2669,3245
1623,1341,4603
-3555,2980,4150
-7166,840,266
-6731,-1872,-2745
-4556,-3528,-4398
-1399,-2505,-4842
-1073,838,-3420
-3297,1996,-2242
-5357,2106,-534
-6375,1615,2891
-5338,7,6275
-2438,-1579,7927
502,-2189,7565
2638,-1688,5963
3387,-224,3903
3170,808,2038
2959,762,807
3145,48,1295
2876,440,2251
1749,1843,3216
-1514,3490,3155
-4654,3199,945
-5803,1867,-1106
-4744,1082,-3090
-2460,820,-4116
-579,576,-4146
-188,1948,-2832
-2017,3036,-1477
-4204,2595,-1224
-5985,1852,-332
-6923,829,3507
-5880,-2597,6689
-2762,-6423,7021
-375,-8460,4825
2882,-7288,2177
4298,-2110,749
2461,1828,1479
310,3347,2066
-1395,3768,2730
-4138,3533,2474
-6085,2490,617
-5931,1436,-2047
-4382,859,-3811
-2226,324,-4688
-687,396,-4472
-530,1869,-3123
-1781,3395,-762
-4230,3315,2318
-6007,1417,4400
-5930,-1827,6632
-4331,-6642,6407
-2728,-9305,3396
-1320,-9627,2290
1072,-8959,2087
4077,-5663,1389
4531,-1935,1501
4122,-482,2107
3134,1375,2457
1571,3015,1626
77,3727,888
-670,3929,752
-1291,3826,-458
-913,2412,-2854
-367,2337,-2362
-2230,3130,-881
-3959,2571,-1023
-4055,2472,-1122
-3379,2831,-966
-2013,2821,-1529
-1651,2819,-1737
-2291,2893,-1681
-4080,2639,-1182
-6379,985,-389
-6805,-1889,-1540
-5258,-3518,-3033
-4633,-4155,-3210
-4228,-4369,-3311
-4998,-3385,-3176
-6783,-713,-1073
-6043,1613,2937
-3211,1402,6120
-441,-164,7120
417,-1147,7135
-2052,1664,6148
-5955,2010,1944
-6978,20,-226
-6765,-1926,-1663
-6207,-3181,-2249
-6493,-3502,-1757
-7549,-2588,534
-6737,147,3582
-3181,454,6625
-1153,-2141,7485
-935,-4569,7048
-1417,-5580,6574
-1979,-4932,6900
-2663,-1880,7380
-4863,1471,5007
-7157,489,1181
-7382,-2496,-1243
-6975,-2963,-1871
-7113,-546,-757
-5859,1755,3218
-3462,-147,6879
-2925,-3998,7233
-2438,-5843,6415
-1852,-5754,6449
-1624,-3100,7428
-3462,1109,6214
-6205,1977,2160
-7106,688,-140
-6646,1539,908
-4157,2448,4572
-2499,-1129,7428
-3248,-5465,6547
-2120,-6486,5853
-1929,-5448,6594
-2115,-1959,7515
-3256,3098,4172
-6199,2166,-62
-6692,1522,-530
-6157,2391,1280
-4191,2477,4833
-3515,-493,7338
-3865,-3860,7398
-3482,-5508,6903
-3033,-4342,7491
-3190,128,7225
-5097,2833,3472
-7041,1493,788
-6891,1655,1112
-4852,2523,4255
-3746,158,6991
-4331,-2783,7305
-4432,-4787,6765
-3796,-5620,6545
-2861,-4772,7175
-1619,-1805,7689
-2098,2783,5111
-5356,2893,1010
-6440,1383,-748
-5464,2422,-259
-4111,3251,2673
-3608,1627,5796
-3891,-1790,7258
-4470,-4588,6775
-4752,-6845,5306
-5022,-7950,3728
-4799,-8474,3079
-2692,-9376,2083
2968,-6701,710
3366,566,1781
-1469,3670,2915
-5202,2948,831
-4962,1555,-2532
-2120,241,-4504
74,403,-3958
23,2518,-1564
-2786,3578,1678
-4460,1468,5572
-3890,-2917,7589
-2746,-7906,5472
-1205,-9475,1618
1748,-8283,-42
4272,-1835,49
187,3444,622
-3413,3709,428
-4569,3232,-92
-4610,2930,-1125
-4337,2275,-2528
-3732,1947,-3077
-2434,1076,-3966
-704,2388,-2394
-2896,3624,1066
-5493,2393,2646
-6162,788,4685
-3084,-2911,7924
1910,-5815,6057
4467,-2403,2699
2242,2231,1431
-671,3597,2304
-2596,2261,5363
-6246,-261,4970
-7112,-1109,3933
-7062,-1010,4067
-6873,-761,4300
-6955,-821,4188
-7021,-1029,4168
-6938,-1004,4264
-6803,-771,4415
-6029,262,5004
-4874,454,6202
-2251,-2619,8075
-2201,-4832,7874
-3964,-1681,7739
-6052,1583,3808
-6238,1391,28
-5980,1108,-943
-5970,1961,767
-5094,2260,4082
-3859,1195,6348
-3249,701,6928
-4968,2567,3594
-6248,1233,-468
-6313,-346,-1938
-5854,-2519,-3030
-4896,-3625,-3546
-4087,-2490,-3919
-3707,-991,-3801
-4737,-1687,-3476
-5413,-2960,-2963
-4825,-2400,-3411
-3785,-1648,-3867
-3308,-2486,-4107
-3706,-4165,-3842
-4871,-4881,-3087
-4898,-5822,-2629
-2996,-6979,-3380
-1052,-7712,-3577
-530,-8598,-2831
-4056,-7563,-3488
-6819,-5371,-2143
-7939,-1577,482
-5792,1317,4321
-1730,-174,7215
300,-5435,6532
-1093,-8803,2449
-4509,-8287,-119
-5116,-8205,-28
-4725,-8442,-234
-2270,-8971,-563
-238,-7454,-2324
-3676,-7461,-2370
-5906,-5821,-2182
-5649,-5489,-2406
-2452,-6187,-3145
551,-4402,-3703
1271,-2422,-3758
-545,-5976,-3091
-4444,-6388,-1956
-5365,-5832,-1685
-3915,-6627,-1878
-471,-5488,-3108
1707,-2069,-3105
13,1761,-2390
157,1636,-2430
2124,-390,-2438
2894,-99,-1428
-2359,3206,-796
-5893,1413,-853
-6519,265,-1057
-3742,2644,-896
-2352,3356,760
-4794,2150,-253
-5335,929,-1471
-5715,88,-1844
-6538,1038,1531
-4852,-951,6586
-2870,-5535,6994
-3484,-7698,5119
-4306,-8096,3828
-3319,-8600,3372
1325,-6510,5491
-1327,1228,6616
-3194,3359,678
-2491,1187,-2863
-1465,-677,-3734
-851,-1223,-3776
-1765,-1392,-3934
-1775,1918,-1899
292,2304,3630
1818,-198,5073
3042,-2866,4275
3706,-782,857
-2306,2828,-669
-4641,361,-2309
-3765,-1550,-3536
-1410,-2215,-3802
-333,505,-1942
-1298,2297,376
-2520,2789,2703
-1600,2392,4437
-147,2914,3018
-2440,3172,113
-5296,1617,-676
-6399,414,-511
-6392,596,-307
-6016,1131,-323
-5470,1580,-538
-4927,1727,-994
-4994,1557,-936
-3683,2906,578
-1093,3252,1254
-2973,1113,-2604
-4649,-2773,-3084
-5694,-2620,-2113
-5827,-34,-1347
-3035,3196,837
368,2245,4577
2577,-827,5533
2728,-4781,5519
2036,-6286,5144
1685,-5597,5967
1357,-166,6312
-1336,3123,3931
-3859,3229,1387
-6051,1298,-333
-6928,-1177,-968
-6574,-2108,-1597
-4111,-2936,-3722
-905,-1593,-3749
-412,809,-2239
-1653,2142,-1481
-2927,1811,-1942
-2467,400,-3230
-1509,-1014,-3811
-758,-2166,-3946
-2294,-4233,-4060
-5884,-5625,-1411
-6543,-5570,1516
-6753,-4886,2923
-6160,-3431,5067
-4240,-1824,6621
-2217,-487,6786
-966,-522,6720
-1248,-1214,6991
-2859,-557,6832
-5612,796,4506
-7310,-509,763
-6924,-2499,-1406
-6711,-2567,-1682
-6910,-373,-240
-6038,1189,3303
-4315,-117,6307
-2334,-2329,7380
-1055,-4637,6953
-503,-5446,6450
-91,-3591,6987
-1760,-944,7263
-4006,1335,5654
-5627,2190,2440
-5952,1661,-215
-5429,1083,-1854
-4744,1690,-1781
-3230,3382,486
-2672,3608,2343
-2364,3712,2243
-2143,3770,1690
-1722,3679,2640
361,1714,5632
1543,-3403,6849
-1292,-7907,5408
-3833,-8380,4441
-4196,-8200,4703
-4994,-7422,5262
-6490,-4614,6016
-6913,-904,5384
-7218,784,1410
-6494,159,-1403
-5646,-750,-2736
-4667,-1254,-3455
-3888,-1207,-3748
-4802,329,-2710
-6955,695,598
-7636,-1503,3744
-7077,-3530,5261
-6628,-4772,5598
-5921,-5613,5946
-5138,-6846,5574
-4261,-8212,4180
-1765,-9188,1578
1192,-7347,-1365
2982,-2867,-2079
1985,1812,-392
185,3323,2230
-299,3169,3440
1458,2520,2036
2997,-112,-753
2556,-5218,-1868
-2368,-8923,-617
-5396,-8404,1916
-6358,-6496,4791
-6954,-2044,5638
-6625,1467,2472
-5769,1527,-707
-6240,-5,-1456
-7511,-1888,1273
-6792,-3402,3800
-4480,-2696,6398
-1101,-1721,7021
2087,-1679,5288
3453,-2092,2067
3212,-2238,156
3264,-3210,-118
3494,-1099,1303
2553,291,3761
-77,29,6421
-4960,388,5603
-7599,-1397,1628
-6262,-3690,-2065
-3839,-5127,-3175
-3105,-6579,-2616
-3869,-7722,-1348
-4697,-7327,-995
-4610,-7371,-414
-4437,-6419,-1331
-3223,-2897,-3838
-1385,-710,-3788
-823,-1463,-3930
646,-3260,-3632
-1217,-5729,-2668
-2502,-6809,-1859
-1754,-8162,-1100
-642,-8856,-895
-1963,-7337,-3108
-2775,-3376,-4178
-1080,405,-3009
-2205,2310,-1517
-3519,3184,2766
-1550,99,7239
2204,-3293,6530
4495,-1997,1730
1902,2477,1883
-4182,3296,2394
-6944,506,-378
-4386,-1307,-4047
-1981,2436,-1836
-3089,2321,5268
-1439,-3685,7932
-1001,-8423,4898
-694,-9476,2229
1295,-8932,1310
4549,-4403,1276
2710,1966,1918
-1379,3762,3160
-4934,3196,2406
-6866,828,-997
-5229,-1261,-4013
-2919,-1453,-4840
-2029,2341,-2518
-2109,3689,2820
-1617,198,7375
-1081,-5787,7312
-2622,-9281,3414
-2623,-9661,403
-482,-9088,-1382
3179,-5557,-1728
2797,1479,-54
-3020,3870,901
-5622,2462,-227
-4948,951,-3098
-2016,-1770,-5090
-242,-2421,-4678
912,-518,-3157
-581,2608,-542
-3117,3298,2509
-2168,302,7227
-147,-5595,7234
1491,-8294,3765
1259,-8984,355
2316,-7891,-972
4433,-2931,-1038
3920,858,628
1745,3400,1480
-2573,4254,322
-5840,929,-2814
-6054,-2352,-3902
-5762,-1521,-3925
-4889,2979,-622
-2015,2023,6342
-1094,-3170,8118
-3060,-7013,6481
-4644,-7795,4941
-6101,-6547,5085
-7056,-5688,4727
-7366,-5482,4443
-7196,-6057,4160
-6080,-7933,3102
-4929,-8994,1585
-5342,-8788,896
-6368,-7956,2920
-6919,-5302,5401
-6381,-1859,6417
-6204,1290,4474
-6053,2161,1282
-5270,1701,-1331
-3552,1395,-2661
-2594,1319,-2882
-3473,1533,-2475
-4921,1830,-1284
-5939,1973,673
-6522,1552,2319
-6674,768,3994
-6605,-594,5423
-6491,-2656,6174
-6152,-5031,6011
-5607,-6843,5263
-5224,-8181,3766
-4920,-8882,1282
-4572,-8386,-1343
-4013,-7044,-3285
-3576,-5257,-4273
-3089,-3363,-4462
-2547,-2508,-4131
-2216,-2660,-3983
-1945,-3392,-4146
-2449,-4913,-4255
-3545,-7019,-3267
-4874,-8451,-470
-5185,-8385,2988
-5216,-6554,5728
-5464,-3820,6853
-5755,-1014,6407
-6273,1165,4122
-6279,1800,1067
-5890,1387,-906
-5685,482,-2026
-5910,-1160,-2607
-5658,-2793,-2936
-5347,-4237,-2658
-4983,-5370,-1952
-4193,-6329,-1456
-3453,-7190,-1115
-2580,-7573,-1164
-2608,-6901,-1661
-3869,-5120,-2267
-3430,-3985,-3337
-2361,-884,-3772
-1865,1496,-2430
-1883,3207,241
-1777,2907,4023
-1525,-429,7025
-2383,-3625,7158
-2906,-5626,6185
-2085,-6691,5438
-726,-7080,3523
-1189,-6088,992
-2150,-6629,107
-1078,-7563,-167
-122,-7677,-13
-392,-7519,1402
-361,-6005,2670
1058,-4522,3018
2108,-3493,4564
1616,-1778,5778
283,-29,5927
-553,1109,5399
-778,2332,4360
-948,3223,2833
-1101,3466,1004
-1515,2848,-1228
-1740,1169,-3244
-1893,-913,-4389
-1980,-2435,-4714
-2089,-3325,-4791
-1856,-3870,-4839
-1631,-4070,-4913
-1646,-3614,-5032
-2018,-2286,-5099
-2698,-673,-4755
-3502,614,-4014
-4236,1559,-3034
-4796,2189,-1925
-5378,2381,-863
-6229,1906,180
-7195,570,675
-7614,-781,365
-7667,-2140,-144
-7519,-3159,-440
-7589,-3512,38
-7813,-3198,1943
-7424,-2944,4000
-7222,-3733,4477
-7290,-4612,4150
-7307,-5240,4020
-6968,-5942,4357
-6354,-6736,4708
-5568,-7524,4827
-4441,-8420,4608
-1914,-9277,3926
247,-9247,2576
1966,-8275,680
3124,-6231,-956
3774,-2643,-1574
2797,1226,-648
200,3545,1254
-2047,3642,3135
-3730,3064,3886
-5419,2343,3382
-7130,906,1252
-6803,-1342,-2223
-4488,-2544,-4200
-2920,-2057,-4512
-2506,-809,-4147
-2782,-180,-3893
-3231,-634,-4063
-3145,-1612,-4412
-2506,-2641,-4662
-2539,-3329,-4685
-4449,-4117,-4149
-7622,-3474,-1608
-8536,-2282,2392
-7917,-1734,4391
-6309,-1061,6300
-2907,83,7435
1261,1192,5447
3357,294,1583
3055,-1026,-1279
2111,-1791,-2721
1231,-2261,-3442
1296,-1709,-3253
1892,281,-1819
1600,2081,410
-193,3273,1718
-2219,3566,1007
-3578,2605,-1301
-3836,544,-3206
-3358,-1722,-4092
-2090,-3572,-4157
-74,-2053,-3860
209,2781,323
-1781,1866,5485
-2072,-463,7153
-2988,-2538,7326
-3354,-5061,6573
-3351,-6717,5438
-3970,-5596,5835
-3464,-1868,6655
-2734,2043,5124
-2245,3322,2755
-1305,3353,622
481,2012,-1729
2213,225,-2690
2197,1112,-2178
246,2849,-220
-593,2894,1687
-616,2449,3985
-1297,871,6046
-2016,-2287,7135
-1986,-4338,6941
-1604,-5892,6173
-973,-6799,5017
-1167,-7234,3923
-1357,-7267,3803
-216,-6836,4655
2095,-4651,5073
2725,-1738,5045
1117,757,5518
-1807,1724,5854
-4888,1277,5097
-6804,543,2867
-7460,-965,550
-6780,-2314,-1700
-5876,-3531,-2576
-5679,-3301,-2651
-5831,-2741,-2497
-6411,-2831,-1854
-7177,-3396,-415
-7157,-4471,1564
-6079,-5770,3128
-4181,-6961,3892
-2175,-7589,3836
-917,-7971,1912
-1715,-7780,-358
-3325,-7530,-840
-4345,-7102,-1148
-4799,-6866,-1216
-5211,-6409,-1495
-5557,-5673,-1964
-5640,-5716,-1930
-4273,-6305,-2440
-1570,-6519,-2342
265,-5254,-1883
848,-4112,-1661
226,-4603,-1992
-2904,-6317,-2083
-4985,-6317,-1399
-5576,-5850,-1274
-5511,-5760,-1300
-4012,-6384,-1489
-1960,-6328,-1552
-397,-6190,-1393
1110,-6441,-569
2725,-6085,1531
3286,-4743,4064
3117,-2346,5453
1980,1679,4375
-384,3553,1099
-1149,2358,-1944
-1004,401,-3409
-1114,196,-3441
-2048,2601,-1401
-2208,3202,3894
-973,181,7198
-967,-3960,7775
-1369,-7331,6019
-1427,-8937,3091
-1530,-8965,745
-1632,-8831,354
-1448,-8875,1336
-1586,-8799,2636
-849,-8388,3161
1100,-7308,2482
2553,-5516,1824
3388,-3647,2247
3261,-1320,3621
1070,1748,4608
-1758,3560,3033
-3556,3264,-525
-4176,1592,-2828
-4286,955,-3378
-4211,2700,-1570
-2113,3570,3555
877,-391,6603
1860,-4457,5715
1683,-6747,3438
674,-8002,1694
-1121,-8934,688
-3177,-9176,265
-5140,-8794,1071
-6205,-7871,3182
-7146,-4867,5068
-7477,-1301,4595
-7345,561,2791
-7262,914,996
-6774,522,-1456
-6038,198,-2786
-5890,1027,-2301
-6966,1452,930
-7045,-847,4829
-5968,-3604,6141
-4224,-6506,5605
-2839,-8126,3995
-2402,-8843,2158
-2844,-9044,894
-3428,-8996,-46
-2880,-8797,-1111
-513,-8304,-1373
2463,-6149,-241
3711,-2494,1470
2767,375,3390
929,1322,5106
-1184,1336,6118
-3514,1243,5994
-6420,1256,3001
-6332,712,-1201
-5000,1080,-2364
-5024,2109,-1015
-5599,1709,-862
-5965,83,-2158
-5468,-404,-2904
-4022,-548,-3733
-2361,-2027,-4319
-1347,-3224,-4185
-822,-4352,-3696
-205,-5874,-2697
1020,-6682,-1632
2849,-6608,-1020
3816,-6611,-494
4046,-6457,-294
3154,-5455,-1107
1452,-4609,-1457
1584,-2396,-2457
179,2032,-911
-2601,3165,814
-3844,2993,2819
-3367,175,6845
-2237,-4554,7460
-137,-7183,5493
2262,-7324,2068
3189,-4928,-1293
2976,-2229,-2438
1645,1770,-1597
-2021,3841,566
-5427,2462,187
-6285,-1377,-2386
-3564,-3845,-3937
-670,-4825,-3398
1012,-4344,-2143
1598,-3437,-773
1628,-2681,391
1836,-1645,309
1730,-625,-437
1601,530,-1014
852,1165,-1647
1371,-304,-2701
2418,-4663,-2214
2054,-4572,-952
2193,-2611,-1375
981,1649,-732
-672,2761,2628
-816,2297,4004
-1143,1082,5829
-322,-2524,6827
1501,-5932,4183
3118,-5472,1482
3928,-662,1044
-568,3615,1284
-5015,2789,1769
-6981,161,-281
-5704,-1828,-3168
-3714,-2821,-4380
-1210,-3021,-4637
1323,-1446,-3408
1456,1519,-567
-1080,3098,1342
-3112,3091,3184
-3728,779,6476
-3052,-3819,7752
-841,-6924,6352
2215,-6712,4296
3827,-2947,3465
2909,468,3069
1203,2264,3298
-1530,3563,2669
-3761,3211,-556
-3214,1932,-2977
-1731,1106,-3991
-308,1094,-3922
708,2369,-2435
-1120,4197,1547
-5229,3017,2541
-6951,657,3802
-6347,-2219,6090
-3695,-5889,6744
-659,-8081,4777
1034,-8460,904
2083,-6582,-1512
2973,-3266,-1347
2144,-934,-754
1501,299,-330
626,1894,129
-1091,2979,-175
-2559,2468,-2164
-1477,1276,-3850
-432,682,-4329
201,701,-4330
347,1388,-3943
-392,2292,-3357
-1906,2296,-3363
-3749,2070,-2972
-5209,1869,-2024
-6082,1843,-856
-6204,2098,-159
-5920,2500,35
-5645,2987,1027
-4249,3370,4051
-1071,658,7718
2237,-2431,7304
4000,-5320,4544
2988,-8100,1160
478,-9207,-1330
-861,-9900,-878
-230,-10098,249
605,-9955,1269
1382,-9559,2074
1943,-9139,2367
2326,-8765,2554
2740,-8358,2718
3790,-6950,3352
4924,-1655,3410
1502,3235,3749
-1979,4392,2924
-3873,4019,-71
-4556,2515,-2525
-4533,874,-3926
-4612,-1090,-4693
-4002,-3267,-5106
-2355,-4869,-5136
-594,-5762,-4592
1101,-5051,-3885
1591,-3767,-3240
1018,-2279,-3128
604,199,-2575
633,2195,-606
436,3073,1864
-469,3378,3403
-602,2793,5295
1681,117,6890
4538,-3151,4885
5479,-3370,1433
5065,-2580,-1242
3578,-935,-3406
-543,1338,-4747
-4012,2570,-3241
-6000,2063,-1804
-6909,515,-1751
-5894,-920,-3412
-2648,-3003,-4980
644,-4817,-4267
2780,-5813,-2545
4066,-5621,-1163
5076,-3420,-156
4655,324,1606
2139,2789,3880
-629,2652,6031
-2554,1107,7314
-2488,-128,7876
-1207,-993,8130
1905,-2290,7216
4610,-2500,3937
5132,-2488,752
4981,-2801,-510
4902,-1903,-585
4293,155,-654
2463,2274,-1406
747,3097,-1990
127,3246,-2088
506,3018,-2178
1073,3176,-1372
-28,4255,1965
-3892,3846,3311
-6549,2373,2087
-7048,1814,2112
-6741,1985,2969
-4880,2514,5091
-922,2921,5685
1616,2659,4368
2980,1934,3214
4181,360,2514
4830,-2246,2949
4194,-5408,3869
2364,-8222,3926
-672,-10180,3067
-1631,-10598,1994
-546,-10535,932
-551,-10414,18
-1066,-10204,-909
-1682,-10030,-1383
-2161,-10495,-24
233,-9095,5481
3317,-2557,6694
2102,2986,3417
-1066,4420,1357
-3919,4015,258
-4729,3783,1380
-3156,4096,3013
-593,3881,3582
2615,2201,3413
4694,-2132,3320
4614,-5023,2130
3727,-6883,497
2908,-7529,-724
3984,-5739,-962
4758,-1526,285
2673,2510,1508
-630,4136,353
-2367,3056,-2596
-2420,1198,-4400
-2025,-473,-5270
-713,-1620,-5534
432,-70,-4675
-915,2639,-2890
-3038,3259,-1908
-4407,3634,20
-3987,3573,4015
-1445,133,8080
1095,-5290,7682
1795,-8792,4209
1490,-9685,924
1806,-9070,-965
3973,-6407,-1548
5126,-2644,-538
4010,1260,591
-916,4270,243
-2903,4259,2384
-4027,3996,2051
-5500,2325,-1796
-2789,-693,-5209
-1854,-663,-5240
-2596,1190,-4218
-3658,3533,-1121
-2274,3429,5058
1553,-1055,7507
3000,-6222,5666
1394,-9584,2635
37,-10257,191
861,-9220,-1855
2893,-4490,-3933
1880,291,-3773
1062,2129,-2821
1577,2370,-2175
1581,3028,-1355
1845,2593,-1992
2464,1060,-3016
2060,639,-3579
1655,969,-3520
-14,2505,-2798
-1969,3942,-637
-3119,4020,3479
-2794,978,7648
-500,-4401,8426
481,-8388,5731
226,-10123,2067
-653,-9552,-2064
-2283,-8811,-3329
-1373,-9652,-2210
3216,-8597,1165
5242,-2114,212
2524,1882,-1672
383,3480,-1264
-686,4084,-651
-1847,3862,-1604
-2416,2715,-3197
-2188,1854,-3950
-1065,603,-4681
-634,-72,-4885
-1959,990,-4400
-3332,3542,-1309
-1321,4162,3106
2262,1341,5379
3289,-2110,6100
1735,-379,7048
-437,3885,3724
-2792,4259,220
-4927,1850,-2990
-5875,-497,-3861
-7913,-1236,-1573
-8302,-254,1754
-5982,1070,5493
-1268,985,7090
2405,-736,6047
3595,-804,4368
3649,82,3369
2907,741,4205
-877,3220,4351
-3249,3892,1490
-4429,3074,-956
-4436,1201,-3474
-3042,-1462,-5204
-911,-3305,-5472
-525,-3311,-5403
-2027,-1662,-5335
-4167,1119,-3640
-6747,1134,-1046
-8089,-598,746
-8053,-700,2884
-6639,-1380,6081
-3363,-4814,7974
-1856,-8999,5383
-2767,-10370,2020
-4047,-9919,-310
-5476,-8820,-1333
-5474,-8850,-1218
-4421,-9863,160
-1644,-10251,3721
2597,-6748,5886
3958,-1316,4997
1233,3096,3484
-2459,4149,2405
-4072,3522,3525
-1880,3300,4842
1562,2658,3786
3949,519,1889
4781,-3208,510
3430,-6509,-892
-1125,-9001,-1926
-5237,-8139,-1829
-5971,-8132,-1075
-6297,-7880,-1078
-4517,-7924,-2888
-396,-8194,-3183
3430,-4629,-2741
3095,553,-1839
805,3278,-557
-1100,4085,165
-3282,3337,-1795
-3124,1050,-4303
-1653,-325,-5161
-351,1041,-4247
-1965,3223,-2141
-4460,3411,-353
-5362,2537,4505
-3957,-3759,8252
-3127,-8807,5583
-1900,-10358,2361
241,-9874,-452
2950,-5639,-3347
2359,-718,-3800
504,2461,-2475
-879,3595,-1266
-2059,3474,-1767
-2017,2804,-2819
-1772,2475,-3211
-1556,2568,-3109
-967,2994,-2467
-602,3374,-1778
-263,3339,-1744
393,2970,-2133
880,2856,-2075
1360,3158,-983